{
	"info": {
		"_postman_id": "fdacac23-7e82-491d-8142-81627256b09e",
		"name": "Actuator",
		"schema": "https://schema.getpostman.com/json/collection/v2.1.0/collection.json",
		"_exporter_id": "38055197"
	},
	"item": [
		{
			"name": "GetAll",
			"request": {
				"method": "GET",
				"header": [],
				"url": {
					"raw": "http://localhost:8080/api/books",
					"protocol": "http",
					"host": [
						"localhost"
					],
					"port": "8080",
					"path": [
						"api",
						"books"
					]
				}
			},
			"response": []
		},
		{
			"name": "GetById",
			"request": {
				"method": "GET",
				"header": [],
				"url": {
					"raw": "http://localhost:8080/api/books/66d4370e87c3170c78d141fd",
					"protocol": "http",
					"host": [
						"localhost"
					],
					"port": "8080",
					"path": [
						"api",
						"books",
						"66d4370e87c3170c78d141fd"
					]
				}
			},
			"response": []
		},
		{
			"name": "Update",
			"request": {
				"method": "PUT",
				"header": [],
				"body": {
					"mode": "raw",
					"raw": "{\r\n    \"id\": \"66d4370e87c3170c78d141fd\",\r\n    \"title\": \"Spring Boot in Action New\",\r\n    \"author\": \"Craig Walls\"\r\n}",
					"options": {
						"raw": {
							"language": "json"
						}
					}
				},
				"url": {
					"raw": "http://localhost:8080/api/books/66d4370e87c3170c78d141fd",
					"protocol": "http",
					"host": [
						"localhost"
					],
					"port": "8080",
					"path": [
						"api",
						"books",
						"66d4370e87c3170c78d141fd"
					]
				}
			},
			"response": []
		},
		{
			"name": "Create",
			"request": {
				"method": "POST",
				"header": [],
				"body": {
					"mode": "raw",
					"raw": "{\r\n    \"title\": \"Spring Boot in Action New Duplicate\",\r\n    \"author\": \"Craig Walls\"\r\n}",
					"options": {
						"raw": {
							"language": "json"
						}
					}
				},
				"url": {
					"raw": "http://localhost:8080/api/books",
					"protocol": "http",
					"host": [
						"localhost"
					],
					"port": "8080",
					"path": [
						"api",
						"books"
					]
				}
			},
			"response": []
		},
		{
			"name": "Delete",
			"request": {
				"method": "DELETE",
				"header": [],
				"body": {
					"mode": "raw",
					"raw": "",
					"options": {
						"raw": {
							"language": "json"
						}
					}
				},
				"url": {
					"raw": "http://localhost:8080/api/books/66d7f207b2c5c264e79aa6f7",
					"protocol": "http",
					"host": [
						"localhost"
					],
					"port": "8080",
					"path": [
						"api",
						"books",
						"66d7f207b2c5c264e79aa6f7"
					]
				}
			},
			"response": []
		},
		{
			"name": "Health",
			"request": {
				"method": "GET",
				"header": [],
				"url": {
					"raw": "http://localhost:8080/actuator/health",
					"protocol": "http",
					"host": [
						"localhost"
					],
					"port": "8080",
					"path": [
						"actuator",
						"health"
					]
				}
			},
			"response": []
		},
		{
			"name": "metrics",
			"request": {
				"method": "GET",
				"header": [],
				"url": {
					"raw": "http://localhost:8080/actuator/metrics",
					"protocol": "http",
					"host": [
						"localhost"
					],
					"port": "8080",
					"path": [
						"actuator",
						"metrics"
					]
				}
			},
			"response": []
		},
		{
			"name": "env",
			"request": {
				"method": "GET",
				"header": [],
				"url": {
					"raw": "http://localhost:8080/actuator/env",
					"protocol": "http",
					"host": [
						"localhost"
					],
					"port": "8080",
					"path": [
						"actuator",
						"env"
					]
				}
			},
			"response": []
		},
		{
			"name": "info",
			"request": {
				"method": "GET",
				"header": [],
				"url": {
					"raw": "http://localhost:8080/actuator/env",
					"protocol": "http",
					"host": [
						"localhost"
					],
					"port": "8080",
					"path": [
						"actuator",
						"env"
					]
				}
			},
			"response": []
		},
		{
			"name": "beans",
			"request": {
				"method": "GET",
				"header": [],
				"url": {
					"raw": "http://localhost:8080/actuator/beans",
					"protocol": "http",
					"host": [
						"localhost"
					],
					"port": "8080",
					"path": [
						"actuator",
						"beans"
					]
				}
			},
			"response": []
		},
		{
			"name": "loggers",
			"request": {
				"method": "GET",
				"header": [],
				"url": {
					"raw": "http://localhost:8080/actuator/loggers",
					"protocol": "http",
					"host": [
						"localhost"
					],
					"port": "8080",
					"path": [
						"actuator",
						"loggers"
					]
				}
			},
			"response": []
		},
		{
			"name": "loggers Copy",
			"request": {
				"method": "GET",
				"header": [],
				"url": {
					"raw": "http://localhost:8080/actuator",
					"protocol": "http",
					"host": [
						"localhost"
					],
					"port": "8080",
					"path": [
						"actuator"
					]
				}
			},
			"response": []
		}
	]
}