{
	"info": {
		"_postman_id": "2aee8b05-91bd-41e2-8017-0d14e4e08ee6",
		"name": "Swagger",
		"schema": "https://schema.getpostman.com/json/collection/v2.1.0/collection.json",
		"_exporter_id": "38055197"
	},
	"item": [
		{
			"name": "Create",
			"request": {
				"method": "POST",
				"header": [],
				"body": {
					"mode": "raw",
					"raw": "{\r\n  \"title\": \"1984\",\r\n  \"author\": {\r\n    \"id\": \"authorId1\",\r\n    \"name\": \"George Orwell\"\r\n  },\r\n  \"publisher\": {\r\n    \"id\": \"publisherId1\",\r\n    \"name\": \"Secker & Warburg\"\r\n  },\r\n  \"reviews\": [\r\n    {\r\n      \"id\": \"reviewId1\",\r\n      \"content\": \"A dystopian masterpiece.\"\r\n    }\r\n  ]\r\n}",
					"options": {
						"raw": {
							"language": "json"
						}
					}
				},
				"url": {
					"raw": "http://localhost:8085/api/books",
					"protocol": "http",
					"host": [
						"localhost"
					],
					"port": "8085",
					"path": [
						"api",
						"books"
					]
				}
			},
			"response": []
		}
	]
}